{
  "mae": 0.9453372359275818,
  "rmse": 1.0873291492462158,
  "mse": 1.1822847127914429,
  "correlation": 0.8513192173116142,
  "accuracy": {
    "\u00b10.5": 0.13333333333333333,
    "\u00b11.0": 0.6,
    "\u00b11.5": 0.8666666666666667
  },
  "dimension_stats": {
    "content": {
      "mean": 2.5154292583465576,
      "std": 0.7761947512626648,
      "min": 1.3010084629058838,
      "max": 4.074219703674316
    },
    "technical": {
      "mean": 2.349453926086426,
      "std": 0.7531995177268982,
      "min": 1.0488829612731934,
      "max": 4.114224433898926
    },
    "communication": {
      "mean": 2.814314365386963,
      "std": 0.5464637279510498,
      "min": 1.903369426727295,
      "max": 3.9920666217803955
    },
    "structure": {
      "mean": 2.7910408973693848,
      "std": 0.4957145154476166,
      "min": 1.9748167991638184,
      "max": 3.9228832721710205
    }
  },
  "num_samples": 15
}